Record_ID,Age,Gender,file_name,Participant_ID
1,19,weiblich,1634746180.csv,8
3,35,weiblich,1634753718.csv,36
5,25,weiblich,1634893289.csv,32
6,24,weiblich,1635170782.csv,0
7,27,weiblich,1634933833.csv,24
10,23,männlich,1634935437.csv,59
11,22,männlich,1634936135.csv,6
13,19,weiblich,1634936702.csv,69
17,25,weiblich,1635169562.csv,3
18,20,weiblich,1634972334.csv,45
21,28,weiblich,1634990186.csv,31
22,21,weiblich,1634995717.csv,11
24,21,weiblich,1635066246.csv,16
25,20,weiblich,1635071093.csv,60
26,29,weiblich,1635086955.csv,1
27,22,männlich,1635087074.csv,55
29,28,weiblich,1635172392.csv,20
33,20,weiblich,1635188870.csv,39
34,23,weiblich,1635178671.csv,56
35,28,weiblich,1635180875.csv,52
36,25,männlich,1635181311.csv,50
37,22,weiblich,1635181625.csv,9
38,27,männlich,1635185877.csv,15
39,32,männlich,1635187592.csv,27
40,23,weiblich,1636533927.csv,62
45,18,weiblich,1635198780.csv,68
48,27,weiblich,1635235335.csv,61
49,22,weiblich,1635238879.csv,38
50,19,weiblich,1635242456.csv,35
51,27,weiblich,1635250159.csv,4
53,21,weiblich,1635249307.csv,37
54,29,männlich,1635252578.csv,57
55,26,weiblich,1635254246.csv,67
56,23,weiblich,1635260630.csv,47
57,32,weiblich,1635351725.csv,12
61,24,weiblich,1635266765.csv,14
63,32,männlich,1635275335.csv,19
64,20,männlich,1635277868.csv,54
65,24,weiblich,1635363393.csv,13
68,20,weiblich,1635330586.csv,28
69,22,männlich,1635340246.csv,43
70,24,männlich,1635341358.csv,49
73,30,männlich,1635347803.csv,7
77,19,männlich,1635371812.csv,18
78,22,weiblich,1635404490.csv,25
80,32,weiblich,1635409561.csv,30
81,34,männlich,1635431069.csv,66
84,20,weiblich,1635440195.csv,46
85,21,weiblich,1635980512.csv,44
86,19,weiblich,1635459224.csv,26
89,22,männlich,1635486710.csv,41
92,23,weiblich,1635513200.csv,17
100,29,männlich,1635587894.csv,2
103,27,weiblich,1636365696.csv,64
106,19,männlich,1635702814.csv,65
108,26,weiblich,1635711700.csv,53
111,21,weiblich,1635778362.csv,63
112,19,weiblich,1635782165.csv,22
115,32,weiblich,1635810915.csv,33
120,20,weiblich,1635863919.csv,48
121,22,weiblich,1635868564.csv,10
124,18,weiblich,1635969522.csv,21
127,19,weiblich,1635931890.csv,29
128,21,weiblich,1635940904.csv,51
130,35,männlich,1635969724.csv,5
131,23,weiblich,1636031635.csv,40
133,18,männlich,1636044587.csv,58
134,26,männlich,1636070864.csv,34
136,31,weiblich,1636152235.csv,42
138,18,weiblich,1636322981.csv,23
